<?xml version="1.0" encoding="UTF-8"?>
<project-private xmlns="http://www.netbeans.org/ns/project-private/1">
    <editor-bookmarks xmlns="http://www.netbeans.org/ns/editor-bookmarks/2" lastBookmarkId="0"/>
    <open-files xmlns="http://www.netbeans.org/ns/projectui-open-files/2">
        <group>
            <file>file:/C:/Users/Adobes/Documents/NetBeansProjects/Proyecto/src/proyecto/CompareEquipo.java</file>
            <file>file:/C:/Users/Adobes/Documents/NetBeansProjects/Proyecto/src/proyecto/Partido.java</file>
            <file>file:/C:/Users/Adobes/Documents/NetBeansProjects/Proyecto/src/proyecto/Entrenador.java</file>
            <file>file:/C:/Users/Adobes/Documents/NetBeansProjects/Proyecto/src/proyecto/Arbitro.java</file>
            <file>file:/C:/Users/Adobes/Documents/NetBeansProjects/Proyecto/src/proyecto/Liga.java</file>
            <file>file:/C:/Users/Adobes/Documents/NetBeansProjects/Proyecto/src/proyecto/Equipo.java</file>
            <file>file:/C:/Users/Adobes/Documents/NetBeansProjects/Proyecto/src/proyecto/Jugador.java</file>
            <file>file:/C:/Users/Adobes/Documents/NetBeansProjects/Proyecto/src/proyecto/Persona.java</file>
            <file>file:/C:/Users/Adobes/Documents/NetBeansProjects/Proyecto/src/proyecto/Principal.java</file>
        </group>
    </open-files>
</project-private>
